; oligo-analysis  -quick -v 1 -i data/leaderboard/test/CHS_participants.fasta -l 5 -noov -2str -grouprc -format fasta -seqtype dna -type dna -return freq,occ -o bg_models/leaderboard/CHS/CHS_5nt-noov-2str.tsv
; Citation: van Helden et al. (1998). J Mol Biol 281(5), 827-42. 
; Program version              	1.169
; Quick counting mode          
; Oligomer length              	5
; Input file                   	data/leaderboard/test/CHS_participants.fasta
; Input format                 	fasta
; Output file                  	bg_models/leaderboard/CHS/CHS_5nt-noov-2str.tsv
; Discard overlapping matches
; Counted on both strands
; 	grouped by pairs of reverse complements
; Background model             	Bernoulli
; Background estimation method 	
; Sequence type                	DNA
; Nb of sequences              	751794
; Sum of sequence lengths      	226289994
; discarded residues           	NA (quick mode)	 (other letters than ACGT)
; discarded occurrences        	NA (quick mode)	 (contain discarded residues)
; nb possible positions        	NA (quick mode)
; total oligo occurrences      	223282813
; total overlapping occurrences	7915829
; total non overlapping occ    	215366984
; alphabet size                	4
; nb possible oligomers        	512
; oligomers tested for significance	0
;
; column headers
;	1	seq            	oligomer sequence
;	2	id             	oligomer identifier
;	3	obs_freq       	observed relative frequency
;	4	occ            	observed occurrences
;	5	ovl_occ        	number of overlapping occurrences (discarded from the count)
;	6	forbocc        	forbidden positions (to avoid self-overlap)
#seq	id	obs_freq	occ	ovl_occ	forbocc
aaaaa	aaaaa|ttttt	0.0072199600961	1612093	2149032	6448372
aaaac	aaaac|gtttt	0.0036045318007	804830	0	3219320
aaaag	aaaag|ctttt	0.0044612927731	996130	0	3984520
aaaat	aaaat|atttt	0.0063243873589	1412127	19878	5648508
aaaca	aaaca|tgttt	0.0039664270980	885635	21598	3542540
aaacc	aaacc|ggttt	0.0023549013600	525809	0	2103236
aaacg	aaacg|cgttt	0.0004732070444	105659	1837	422636
aaact	aaact|agttt	0.0029818909528	665805	0	2663220
aaaga	aaaga|tcttt	0.0043353583153	968011	26831	3872044
aaagc	aaagc|gcttt	0.0023427687647	523100	7260	2092400
aaagg	aaagg|ccttt	0.0029173897948	651403	0	2605612
aaagt	aaagt|acttt	0.0030799056621	687690	0	2750760
aaata	aaata|tattt	0.0048301433752	1078488	55545	4313952
aaatc	aaatc|gattt	0.0024360047811	543918	0	2175672
aaatg	aaatg|cattt	0.0039088678088	872783	0	3491132
aaatt	aaatt|aattt	0.0036655261952	818449	146169	3273796
aacaa	aacaa|ttgtt	0.0031074715993	693845	40023	2775380
aacac	aacac|gtgtt	0.0019724088661	440405	0	1761620
aacag	aacag|ctgtt	0.0025985564773	580213	0	2320852
aacat	aacat|atgtt	0.0027159949835	606435	5196	2425740
aacca	aacca|tggtt	0.0021102430307	471181	2501	1884724
aaccc	aaccc|gggtt	0.0019607465264	437801	0	1751204
aaccg	aaccg|cggtt	0.0002968387898	66279	355	265116
aacct	aacct|aggtt	0.0022143083624	494417	0	1977668
aacga	aacga|tcgtt	0.0003237911554	72297	129	289188
aacgc	aacgc|gcgtt	0.0002855302616	63754	98	255016
aacgg	aacgg|ccgtt	0.0003227969006	72075	0	288300
aacgt	aacgt|acgtt	0.0003494357624	78023	11838	312092
aacta	aacta|tagtt	0.0016208860643	361916	4470	1447664
aactc	aactc|gagtt	0.0020726225802	462781	0	1851124
aactg	aactg|cagtt	0.0021744082918	485508	0	1942032
aactt	aactt|aagtt	0.0022680025981	506406	0	2025624
aagaa	aagaa|ttctt	0.0041888445753	935297	53700	3741188
aagac	aagac|gtctt	0.0021089711011	470897	0	1883588
aagag	aagag|ctctt	0.0029507510728	658852	0	2635408
aagat	aagat|atctt	0.0024273565561	541987	4103	2167948
aagca	aagca|tgctt	0.0027511835405	614292	3440	2457168
aagcc	aagcc|ggctt	0.0019606524753	437780	0	1751120
aagcg	aagcg|cgctt	0.0005109797681	114093	823	456372
aagct	aagct|agctt	0.0018932536469	422731	57067	1690924
aagga	aagga|tcctt	0.0029984663441	669506	12745	2678024
aaggc	aaggc|gcctt	0.0020229680643	451694	4589	1806776
aaggg	aaggg|ccctt	0.0022376196058	499622	0	1998488
aaggt	aaggt|acctt	0.0018586383539	415002	0	1660008
aagta	aagta|tactt	0.0020260672728	452386	6066	1809544
aagtc	aagtc|gactt	0.0016837570028	375954	0	1503816
aagtg	aagtg|cactt	0.0027774148474	620149	0	2480596
aataa	aataa|ttatt	0.0038046098962	849504	61748	3398016
aatac	aatac|gtatt	0.0020078347902	448315	0	1793260
aatag	aatag|ctatt	0.0019315100621	431273	0	1725092
aatat	aatat|atatt	0.0025346957627	565954	136567	2263816
aatca	aatca|tgatt	0.0024183052549	539966	2875	2159864
aatcc	aatcc|ggatt	0.0021430265660	478501	0	1914004
aatcg	aatcg|cgatt	0.0003513257422	78445	598	313780
aatct	aatct|agatt	0.0023376004314	521946	0	2087784
aatga	aatga|tcatt	0.0028910241291	645516	9340	2582064
aatgc	aatgc|gcatt	0.0018459907167	412178	6287	1648712
aatgg	aatgg|ccatt	0.0023872056825	533022	0	2132088
aatgt	aatgt|acatt	0.0026538092746	592550	0	2370200
aatta	aatta|taatt	0.0028123257297	627944	87478	2511776
aattc	aattc|gaatt	0.0020722329398	462694	54595	1850776
aattg	aattg|caatt	0.0018737895424	418385	33503	1673540
acaaa	acaaa|tttgt	0.0039380908373	879308	18964	3517232
acaac	acaac|gttgt	0.0014439535030	322410	12379	1289640
acaag	acaag|cttgt	0.0019746437000	440904	0	1763616
acaat	acaat|attgt	0.0020579909122	459514	2836	1838056
acaca	acaca|tgtgt	0.0029057632842	648807	162221	2595228
acacc	acacc|ggtgt	0.0018044201190	402896	0	1611584
acacg	acacg|cgtgt	0.0005551748401	123961	2090	495844
acact	acact|agtgt	0.0019556229794	436657	0	1746628
acaga	acaga|tctgt	0.0034259197550	764949	4551	3059796
acagc	acagc|gctgt	0.0021238132646	474211	5198	1896844
acagg	acagg|cctgt	0.0030709304975	685686	0	2742744
acagt	acagt|actgt	0.0021956280173	490246	0	1960984
acata	acata|tatgt	0.0021394033584	477692	13107	1910768
acatc	acatc|gatgt	0.0015848510472	353870	0	1415480
acatg	acatg|catgt	0.0022204172069	495781	70796	1983124
accaa	accaa|ttggt	0.0018872702038	421395	2564	1685580
accac	accac|gtggt	0.0021227294373	473969	25477	1895876
accag	accag|ctggt	0.0022072052630	492831	0	1971324
accat	accat|atggt	0.0021686532586	484223	2875	1936892
accca	accca|tgggt	0.0024436945803	545635	3908	2182540
acccc	acccc|ggggt	0.0019329432221	431593	0	1726372
acccg	acccg|cgggt	0.0006485855228	144818	1090	579272
accct	accct|agggt	0.0018915428121	422349	0	1689396
accga	accga|tcggt	0.0002785077775	62186	60	248744
accgc	accgc|gcggt	0.0004806415620	107319	330	429276
accgg	accgg|ccggt	0.0003310330921	73914	5469	295656
accgt	accgt|acggt	0.0003783542444	84480	0	337920
accta	accta|taggt	0.0012540598008	280010	3302	1120040
acctc	acctc|gaggt	0.0026272913357	586629	0	2346516
acctg	acctg|caggt	0.0026161619524	584144	0	2336576
acgaa	acgaa|ttcgt	0.0003289774032	73455	119	293820
acgac	acgac|gtcgt	0.0002136259364	47699	411	190796
acgag	acgag|ctcgt	0.0004265084210	95232	0	380928
acgat	acgat|atcgt	0.0003160117837	70560	102	282240
acgca	acgca|tgcgt	0.0004066457189	90797	666	363188
acgcc	acgcc|ggcgt	0.0007579580252	169239	0	676956
acgcg	acgcg|cgcgt	0.0001821904671	40680	3332	162720
acgct	acgct|agcgt	0.0003948982853	88174	0	352696
acgga	acgga|tccgt	0.0004794681622	107057	186	428228
acggc	acggc|gccgt	0.0004020372137	89768	281	359072
acggg	acggg|cccgt	0.0006322161482	141163	0	564652
acgta	acgta|tacgt	0.0002693937755	60151	8468	240604
acgtc	acgtc|gacgt	0.0002884100175	64397	8388	257588
acgtg	acgtg|cacgt	0.0005100885217	113894	29936	455576
actaa	actaa|ttagt	0.0017760122003	396553	915	1586212
actac	actac|gtagt	0.0011971723054	267308	3357	1069232
actag	actag|ctagt	0.0009565492172	213581	24716	854324
actat	actat|atagt	0.0014854434855	331674	2356	1326696
actca	actca|tgagt	0.0021746187872	485555	4352	1942220
actcc	actcc|ggagt	0.0025415435804	567483	0	2269932
actcg	actcg|cgagt	0.0004426941719	98846	465	395384
actct	actct|agagt	0.0022574330430	504046	0	2016184
actga	actga|tcagt	0.0021432594545	478553	1898	1914212
actgc	actgc|gcagt	0.0025484406630	569023	6840	2276092
actgg	actgg|ccagt	0.0020648387299	461043	0	1844172
actta	actta|taagt	0.0016384646677	365841	4387	1463364
acttc	acttc|gaagt	0.0019952095462	445496	0	1781984
acttg	acttg|caagt	0.0020509594708	457944	0	1831776
agaaa	agaaa|tttct	0.0052013900416	1161381	29259	4645524
agaac	agaac|gttct	0.0019883124636	443956	0	1775824
agaag	agaag|cttct	0.0031419704480	701548	17900	2806192
agaat	agaat|attct	0.0031536730953	704161	6975	2816644
agaca	agaca|tgtct	0.0028931738691	645996	5100	2583984
agacc	agacc|ggtct	0.0018874896564	421444	0	1685776
agacg	agacg|cgtct	0.0007061134616	157663	678	630652
agact	agact|agtct	0.0022399350549	500139	0	2000556
agaga	agaga|tctct	0.0035672606830	796508	110607	3186032
agagc	agagc|gctct	0.0022665380877	506079	5148	2024316
agagg	agagg|cctct	0.0031278941295	698405	0	2793620
agata	agata|tatct	0.0019646877165	438681	7264	1754724
agatc	agatc|gatct	0.0015303327444	341697	54457	1366788
agatg	agatg|catct	0.0027059046412	604182	0	2416728
agcaa	agcaa|ttgct	0.0026990971311	602662	2665	2410648
agcac	agcac|gtgct	0.0020566607605	459217	0	1836868
agcag	agcag|ctgct	0.0028853721043	644254	20848	2577016
agcat	agcat|atgct	0.0020229367139	451687	3491	1806748
agcca	agcca|tggct	0.0032286497573	720902	4272	2883608
agccc	agccc|gggct	0.0023552865218	525895	0	2103580
agccg	agccg|cggct	0.0009164117795	204619	2004	818476
agcct	agcct|aggct	0.0036801892137	821723	0	3286892
agcga	agcga|tcgct	0.0006171276604	137794	523	551176
agcgc	agcgc|gcgct	0.0004793114103	107022	14803	428088
agcgg	agcgg|ccgct	0.0005826422475	130094	0	520376
agcta	agcta|tagct	0.0018441992667	411778	42145	1647112
agctc	agctc|gagct	0.0019484034358	435045	55544	1740180
agctg	agctg|cagct	0.0029538905890	659553	105946	2638212
aggaa	aggaa|ttcct	0.0036428016517	813375	14066	3253500
aggac	aggac|gtcct	0.0016645750517	371671	0	1486684
aggag	aggag|ctcct	0.0039867734916	890178	26787	3560712
aggat	aggat|atcct	0.0021221830451	473847	3192	1895388
aggca	aggca|tgcct	0.0036069457796	805369	10837	3221476
aggcc	aggcc|ggcct	0.0020835056391	465211	73199	1860844
aggcg	aggcg|cgcct	0.0011928728254	266348	4195	1065392
aggga	aggga|tccct	0.0029524350358	659228	11288	2636912
agggc	agggc|gccct	0.0020552096860	458893	5033	1835572
agggg	agggg|cccct	0.0024295197320	542470	0	2169880
aggta	aggta|tacct	0.0015387839099	343584	4363	1374336
aggtc	aggtc|gacct	0.0016542473424	369365	0	1477460
aggtg	aggtg|cacct	0.0029447452366	657511	0	2630044
agtaa	agtaa|ttact	0.0019464955415	434619	2005	1738476
agtac	agtac|gtact	0.0008461466311	188930	35494	755720
agtag	agtag|ctact	0.0020379221933	455033	4158	1820132
agtat	agtat|atact	0.0015383046970	343477	2150	1373908
agtca	agtca|tgact	0.0019571681050	437002	2061	1748008
agtcc	agtcc|ggact	0.0016309360990	364160	0	1456640
agtcg	agtcg|cgact	0.0002625056502	58613	259	234452
agtga	agtga|tcact	0.0031323727545	699405	4672	2797620
agtgc	agtgc|gcact	0.0021947098991	490041	3161	1960164
agtgg	agtgg|ccact	0.0026285543079	586911	0	2347644
agtta	agtta|taact	0.0016235418890	362509	4473	1450036
agttc	agttc|gaact	0.0019049428583	425341	0	1701364
agttg	agttg|caact	0.0016258886885	363033	0	1452132
ataaa	ataaa|tttat	0.0040744470556	909754	43116	3639016
ataac	ataac|gttat	0.0013613452640	303965	1565	1215860
ataag	ataag|cttat	0.0016938742168	378213	3837	1512852
ataat	ataat|attat	0.0025972397616	579919	40802	2319676
ataca	ataca|tgtat	0.0024342446814	543525	13035	2174100
atacc	atacc|ggtat	0.0011152582532	249018	709	996072
atacg	atacg|cgtat	0.0002488413651	55562	1259	222248
ataga	ataga|tctat	0.0017985665560	401589	6477	1606356
atagc	atagc|gctat	0.0012053681893	269138	4046	1076552
atagg	atagg|cctat	0.0012746122112	284599	1368	1138396
atata	atata|tatat	0.0018285599080	408286	267737	1633144
atatc	atatc|gatat	0.0013075121908	291945	27616	1167780
atatg	atatg|catat	0.0017535877246	391546	59909	1566184
atcaa	atcaa|ttgat	0.0018772649555	419161	5242	1676644
atcac	atcac|gtgat	0.0020738362876	463052	2875	1852208
atcag	atcag|ctgat	0.0018578142869	414818	2529	1659272
atcat	atcat|atgat	0.0020598361057	459926	18134	1839704
atcca	atcca|tggat	0.0019896605298	444257	9064	1777028
atccc	atccc|gggat	0.0020230442009	451711	2759	1806844
atccg	atccg|cggat	0.0003225192259	72013	646	288052
atcga	atcga|tcgat	0.0002215396668	49466	5957	197864
atcgc	atcgc|gcgat	0.0004438496572	99104	354	396416
atcgg	atcgg|ccgat	0.0002112209147	47162	175	188648
atcta	atcta|tagat	0.0014854972290	331686	7350	1326744
atctc	atctc|gagat	0.0025992641001	580371	3019	2321484
atctg	atctg|cagat	0.0022199379941	495674	4046	1982696
atgaa	atgaa|ttcat	0.0028343874367	632870	15093	2531480
atgac	atgac|gtcat	0.0014859406129	331785	1600	1327140
atgag	atgag|ctcat	0.0023166404662	517266	5350	2069064
atgca	atgca|tgcat	0.0019430290857	433845	67563	1735380
atgcc	atgcc|ggcat	0.0019707741679	440040	2345	1760160
atgcg	atgcg|cgcat	0.0003081114891	68796	1279	275184
atgga	atgga|tccat	0.0023527381841	525326	10680	2101304
atggc	atggc|gccat	0.0018683524916	417171	8705	1668684
atggg	atggg|cccat	0.0021014246179	469212	4079	1876848
atgta	atgta|tacat	0.0019769233201	441413	14428	1765652
atgtc	atgtc|gacat	0.0016032492389	357978	1884	1431912
atgtg	atgtg|cacat	0.0025524087248	569909	6377	2279636
attaa	attaa|ttaat	0.0022983497615	513182	86398	2052728
attac	attac|gtaat	0.0019186922372	428411	2326	1713644
attag	attag|ctaat	0.0018921877341	422493	2337	1689972
attca	attca|tgaat	0.0025418749987	567557	14412	2270228
attcc	attcc|ggaat	0.0019870539700	443675	4063	1774700
attcg	attcg|cgaat	0.0002488144934	55556	560	222224
attga	attga|tcaat	0.0017532294346	391466	5370	1565864
attgc	attgc|gcaat	0.0017235137574	384831	5615	1539324
attgg	attgg|ccaat	0.0014524763265	324313	1268	1297252
attta	attta|taaat	0.0032507876009	725845	43209	2903380
atttc	atttc|gaaat	0.0030399652838	678772	5236	2715088
atttg	atttg|caaat	0.0027984106417	624837	5161	2499348
caaaa	caaaa|ttttg	0.0047173492032	1053303	0	4213212
caaac	caaac|gtttg	0.0020750365591	463320	11152	1853280
caaag	caaag|ctttg	0.0030401936937	678823	0	2715292
caaca	caaca|tgttg	0.0024820584825	554201	16007	2216804
caacc	caacc|ggttg	0.0016246167590	362749	1658	1450996
caacg	caacg|cgttg	0.0003041299914	67907	540	271628
caaga	caaga|tcttg	0.0026940676352	601539	0	2406156
caagc	caagc|gcttg	0.0018652532831	416479	4435	1665916
caagg	caagg|ccttg	0.0022501687132	502424	0	2009696
caata	caata|tattg	0.0017473893076	390162	3621	1560648
caatc	caatc|gattg	0.0013915088037	310700	1724	1242800
caatg	caatg|cattg	0.0018678956718	417069	0	1668276
cacaa	cacaa|ttgtg	0.0022972659342	512940	0	2051760
cacac	cacac|gtgtg	0.0025089391900	560203	149920	2240812
cacag	cacag|ctgtg	0.0031964753149	713718	0	2854872
cacca	cacca|tggtg	0.0029964778346	669062	36599	2676248
caccc	caccc|gggtg	0.0024569871394	548603	5713	2194412
caccg	caccg|cggtg	0.0006886826529	153771	752	615084
cacga	cacga|tcgtg	0.0004745730250	105964	0	423856
cacgc	cacgc|gcgtg	0.0009052465673	202126	1670	808504
cacgg	cacgg|ccgtg	0.0006689319164	149361	0	597444
cacta	cacta|tagtg	0.0013299993672	296966	1623	1187864
cactc	cactc|gagtg	0.0023468487922	524011	3639	2096044
cactg	cactg|cagtg	0.0034677456343	774288	0	3097152
cagaa	cagaa|ttctg	0.0033979283484	758699	0	3034796
cagac	cagac|gtctg	0.0018861012827	421134	3155	1684536
cagag	cagag|ctctg	0.0039123163501	873553	0	3494212
cagca	cagca|tgctg	0.0032077659287	716239	21935	2864956
cagcc	cagcc|ggctg	0.0042570853853	950534	5602	3802136
cagcg	cagcg|cgctg	0.0007242384572	161710	2214	646840
cagga	cagga|tcctg	0.0039718104053	886837	0	3547348
caggc	caggc|gcctg	0.0038952259169	869737	16416	3478948
caggg	caggg|ccctg	0.0031713233566	708102	0	2832408
cagta	cagta|tactg	0.0016255214413	362951	2580	1451804
cagtc	cagtc|gactg	0.0017056574793	380844	1654	1523376
cataa	cataa|ttatg	0.0019217735312	429099	0	1716396
catac	catac|gtatg	0.0011691943347	261061	3363	1044244
catag	catag|ctatg	0.0014261151395	318427	0	1273708
catca	catca|tgatg	0.0020861121989	465793	12373	1863172
catcc	catcc|ggatg	0.0018765080678	418992	5738	1675968
catcg	catcg|cgatg	0.0003124154478	69757	671	279028
catga	catga|tcatg	0.0020103428203	448875	65831	1795500
catgc	catgc|gcatg	0.0019331761106	431645	56694	1726580
catgg	catgg|ccatg	0.0022538143140	503238	63980	2012952
catta	catta|taatg	0.0018477060301	412561	3365	1650244
cattc	cattc|gaatg	0.0021761863059	485905	7168	1943620
ccaaa	ccaaa|tttgg	0.0029975706191	669306	0	2677224
ccaac	ccaac|gttgg	0.0016446048626	367212	1612	1468848
ccaag	ccaag|cttgg	0.0025382473124	566747	0	2266988
ccaca	ccaca|tgtgg	0.0027411245486	612046	0	2448184
ccacc	ccacc|ggtgg	0.0032394611582	723316	36497	2893264
ccacg	ccacg|cgtgg	0.0008171296194	182451	3109	729804
ccaga	ccaga|tctgg	0.0026975027406	602306	0	2409224
ccagc	ccagc|gctgg	0.0042581109904	950763	14690	3803052
ccagg	ccagg|cctgg	0.0045871510943	1024232	0	4096928
ccata	ccata|tatgg	0.0013740332087	306798	2404	1227192
ccatc	ccatc|gatgg	0.0022692790063	506691	5950	2026764
cccaa	cccaa|ttggg	0.0025618272733	572012	0	2288048
cccac	cccac|gtggg	0.0026791538138	598209	6694	2392836
cccag	cccag|ctggg	0.0051800897009	1156625	0	4626500
cccca	cccca|tgggg	0.0031721832526	708294	0	2833176
ccccc	ccccc|ggggg	0.0017158821803	383127	114722	1532508
ccccg	ccccg|cgggg	0.0012657221405	282614	4490	1130456
cccga	cccga|tcggg	0.0006333358045	141413	0	565652
cccgc	cccgc|gcggg	0.0012058563594	269247	6964	1076988
cccgg	cccgg|ccggg	0.0012736493068	284384	68544	1137536
cccta	cccta|taggg	0.0012589191090	281095	2603	1124380
ccctc	ccctc|gaggg	0.0026690679502	595957	11999	2383828
ccgaa	ccgaa|ttcgg	0.0003203381355	71526	0	286104
ccgac	ccgac|gtcgg	0.0003242793255	72406	94	289624
ccgag	ccgag|ctcgg	0.0010347549679	231043	0	924172
ccgca	ccgca|tgcgg	0.0006093617246	136060	0	544240
ccgcc	ccgcc|ggcgg	0.0015153965299	338362	23477	1353448
ccgcg	ccgcg|cgcgg	0.0004915470140	109754	25548	439016
ccgga	ccgga|tccgg	0.0005137565156	114713	12677	458852
ccggc	ccggc|gccgg	0.0009649421606	215455	32596	861820
ccgta	ccgta|tacgg	0.0002168863754	48427	98	193708
ccgtc	ccgtc|gacgg	0.0006837292936	152665	336	610660
cctaa	cctaa|ttagg	0.0015086069343	336846	0	1347384
cctac	cctac|gtagg	0.0011191636143	249890	1041	999560
cctag	cctag|ctagg	0.0012257011470	273678	48928	1094712
cctca	cctca|tgagg	0.0033478797134	747524	0	2990096
cctcc	cctcc|ggagg	0.0045243966001	1010220	54378	4040880
cctcg	cctcg|cgagg	0.0008064391414	180064	1241	720256
cctga	cctga|tcagg	0.0028626878684	639189	0	2556756
cctgc	cctgc|gcagg	0.0031369409521	700425	15828	2801700
cctta	cctta|taagg	0.0014381805553	321121	2429	1284484
ccttc	ccttc|gaagg	0.0025252234707	563839	11939	2255356
cgaaa	cgaaa|tttcg	0.0003667680414	81893	771	327572
cgaac	cgaac|gttcg	0.0002828610010	63158	406	252632
cgaag	cgaag|cttcg	0.0003702300186	82666	609	330664
cgaca	cgaca|tgtcg	0.0003708704619	82809	324	331236
cgacc	cgacc|ggtcg	0.0003057199033	68262	314	273048
cgacg	cgacg|cgtcg	0.0001327554038	29642	674	118568
cgaga	cgaga|tctcg	0.0008338841557	186192	529	744768
cgagc	cgagc|gctcg	0.0004431330772	98944	1673	395776
cgata	cgata|tatcg	0.0001672273808	37339	448	149356
cgatc	cgatc|gatcg	0.0003740547643	83520	2031	334080
cgcaa	cgcaa|ttgcg	0.0003281488576	73270	337	293080
cgcac	cgcac|gtgcg	0.0005072938596	113270	2326	453080
cgcag	cgcag|ctgcg	0.0007151423697	159679	1585	638716
cgcca	cgcca|tggcg	0.0008528869618	190435	2647	761740
cgccc	cgccc|gggcg	0.0013676735612	305378	7234	1221512
cgccg	cgccg|cggcg	0.0005200131548	116110	13733	464440
cgcga	cgcga|tcgcg	0.0002115568116	47237	2968	188948
cgcgc	cgcgc|gcgcg	0.0004618537299	103124	42587	412496
cgcta	cgcta|tagcg	0.0002117359566	47277	391	189108
cgctc	cgctc|gagcg	0.0006719191593	150028	1894	600112
cggaa	cggaa|ttccg	0.0004197636116	93726	883	374904
cggac	cggac|gtccg	0.0003462828104	77319	570	309276
cggag	cggag|ctccg	0.0009402515007	209942	2867	839768
cggca	cggca|tgccg	0.0005291719430	118155	971	472620
cggcc	cggcc|ggccg	0.0010069292705	224830	32705	899320
cggga	cggga|tcccg	0.0009991678132	223097	2150	892388
cgggc	cgggc|gcccg	0.0010948222871	244455	9129	977820
cggta	cggta|taccg	0.0001956890430	43694	372	174776
cggtc	cggtc|gaccg	0.0003054422286	68200	387	272800
cgtaa	cgtaa|ttacg	0.0002501401664	55852	773	223408
cgtac	cgtac|gtacg	0.0001527793364	34113	1679	136452
cgtag	cgtag|ctacg	0.0002361937280	52738	357	210952
cgtca	cgtca|tgacg	0.0003413160152	76210	1538	304840
cgtcc	cgtcc|ggacg	0.0004824106189	107714	930	430856
cgtga	cgtga|tcacg	0.0006961395636	155436	1666	621744
cgtgc	cgtgc|gcacg	0.0005818092233	129908	4290	519632
cgtta	cgtta|taacg	0.0002224488277	49669	570	198676
cgttc	cgttc|gaacg	0.0003194827181	71335	662	285340
ctaaa	ctaaa|tttag	0.0024062756680	537280	0	2149120
ctaac	ctaac|gttag	0.0010695225342	238806	680	955224
ctaag	ctaag|cttag	0.0014355426452	320532	0	1282128
ctaca	ctaca|tgtag	0.0017826987875	398046	0	1592184
ctacc	ctacc|ggtag	0.0011591443001	258817	1216	1035268
ctaga	ctaga|tctag	0.0013098455545	292466	51430	1169864
ctagc	ctagc|gctag	0.0009447301257	210942	22262	843768
ctata	ctata|tatag	0.0012542389458	280050	33885	1120200
ctatc	ctatc|gatag	0.0010522843064	234957	2721	939828
ctcaa	ctcaa|ttgag	0.0027631056404	616954	0	2467816
ctcac	ctcac|gtgag	0.0029198261668	651947	4673	2607788
ctcag	ctcag|ctgag	0.0038392117534	857230	0	3428920
ctcca	ctcca|tggag	0.0035140143097	784619	0	3138476
ctccc	ctccc|gggag	0.0040369206563	901375	21255	3605500
ctcga	ctcga|tcgag	0.0004050065421	90431	13122	361724
ctcgc	ctcgc|gcgag	0.0006129535819	136862	1268	547448
ctcta	ctcta|tagag	0.0019633710007	438387	3425	1753548
ctctc	ctctc|gagag	0.0024884360446	555625	91196	2222500
ctgaa	ctgaa|ttcag	0.0027467183513	613295	0	2453180
ctgac	ctgac|gtcag	0.0018994699785	424119	1670	1696476
ctgca	ctgca|tgcag	0.0031060742682	693533	131429	2774132
ctgcc	ctgcc|ggcag	0.0035725365033	797686	12288	3190744
ctgga	ctgga|tccag	0.0033084409412	738718	0	2954872
ctggc	ctggc|gccag	0.0029101030718	649776	15061	2599104
ctgta	ctgta|tacag	0.0024984681647	557865	3274	2231460
ctgtc	ctgtc|gacag	0.0025368992462	566446	3714	2265784
cttaa	cttaa|ttaag	0.0017665981304	394451	44652	1577804
cttac	cttac|gtaag	0.0012272507513	274024	1072	1096096
cttca	cttca|tgaag	0.0025434693892	567913	0	2271652
cttcc	cttcc|ggaag	0.0030574229643	682670	12466	2730680
cttga	cttga|tcaag	0.0024916651332	556346	0	2225384
cttgc	cttgc|gcaag	0.0018564617421	414516	4474	1658064
cttta	cttta|taaag	0.0023394321891	522355	6388	2089420
ctttc	ctttc|gaaag	0.0028815428799	643399	17459	2573596
gaaaa	gaaaa|ttttc	0.0044981608146	1004362	0	4017448
gaaac	gaaac|gtttc	0.0023534861145	525493	0	2101972
gaaca	gaaca|tgttc	0.0020078437475	448317	0	1793268
gaacc	gaacc|ggttc	0.0015435178166	344641	0	1378564
gaaga	gaaga|tcttc	0.0026880394059	600193	18483	2400772
gaagc	gaagc|gcttc	0.0018904679421	422109	3791	1688436
gaata	gaata|tattc	0.0019443861091	434148	4040	1736592
gaatc	gaatc|gattc	0.0015605768994	348450	0	1393800
gacaa	gacaa|ttgtc	0.0016919931943	377793	0	1511172
gacac	gacac|gtgtc	0.0014760294157	329572	0	1318288
gacca	gacca|tggtc	0.0017234824070	384824	0	1539296
gaccc	gaccc|gggtc	0.0014283320589	318922	0	1275688
gacga	gacga|tcgtc	0.0002839224352	63395	577	253580
gacgc	gacgc|gcgtc	0.0003808936248	85047	198	340188
gacta	gacta|tagtc	0.0011106452694	247988	890	991952
gactc	gactc|gagtc	0.0015885324770	354692	0	1418768
gagaa	gagaa|ttctc	0.0035327125693	788794	0	3155176
gagac	gagac|gtctc	0.0027462839247	613198	0	2452792
gagca	gagca|tgctc	0.0021270199601	474927	0	1899708
gagcc	gagcc|ggctc	0.0025891827151	578120	0	2312480
gagga	gagga|tcctc	0.0027850643390	621857	24551	2487428
gaggc	gaggc|gcctc	0.0037775455650	843461	8222	3373844
gagta	gagta|tactc	0.0014088007750	314561	1050	1258244
gataa	gataa|ttatc	0.0016444033245	367167	0	1468668
gatac	gatac|gtatc	0.0008944396450	199713	0	798852
gatca	gatca|tgatc	0.0015398274295	343817	50576	1375268
gatcc	gatcc|ggatc	0.0011251739291	251232	32642	1004928
gatga	gatga|tcatc	0.0018546658134	414115	10441	1656460
gatgc	gatgc|gcatc	0.0012750287233	284692	1788	1138768
gatta	gatta|taatc	0.0018612225205	415579	1615	1662316
gcaaa	gcaaa|tttgc	0.0023239898899	518907	9225	2075628
gcaac	gcaac|gttgc	0.0015635417492	349112	1336	1396448
gcaca	gcaca|tgtgc	0.0021747217955	485578	8244	1942312
gcacc	gcacc|ggtgc	0.0017085461925	381489	2251	1525956
gcaga	gcaga|tctgc	0.0027152873607	606277	7389	2425108
gcagc	gcagc|gctgc	0.0023361896645	521631	34217	2086524
gcata	gcata|tatgc	0.0012036304827	268750	6989	1075000
gccaa	gccaa|ttggc	0.0020159724519	450132	5630	1800528
gccac	gccac|gtggc	0.0025303201460	564977	4189	2259908
gccca	gccca|tgggc	0.0027497011156	613961	5330	2455844
gcccc	gcccc|ggggc	0.0023803444289	531490	5066	2125960
gccga	gccga|tcggc	0.0006783325504	151460	288	605840
gccgc	gccgc|gcggc	0.0009120048125	203635	19743	814540
gccta	gccta|taggc	0.0010993456984	245465	6840	981860
gcgaa	gcgaa|ttcgc	0.0002931887104	65464	87	261856
gcgac	gcgac|gtcgc	0.0003600232321	80387	158	321548
gcgca	gcgca|tgcgc	0.0004887613092	109132	12542	436528
gcgcc	gcgcc|ggcgc	0.0009112658393	203470	47762	813880
gcgga	gcgga|tccgc	0.0006969322802	155613	479	622452
gcgta	gcgta|tacgc	0.0001785269518	39862	195	159448
gctaa	gctaa|ttagc	0.0016313660470	364256	2769	1457024
gctac	gctac|gtagc	0.0012909726285	288252	1379	1153008
gctca	gctca|tgagc	0.0026839145922	599272	9298	2397088
gctcc	gctcc|ggagc	0.0021082903501	470745	4251	1882980
gctga	gctga|tcagc	0.0027687890156	618223	4991	2472892
gctta	gctta|taagc	0.0012043067551	268901	4176	1075604
ggaaa	ggaaa|tttcc	0.0033740035334	753357	0	3013428
ggaac	ggaac|gttcc	0.0014588314955	325732	0	1302928
ggaca	ggaca|tgtcc	0.0018445709926	411861	0	1647444
ggacc	ggacc|ggtcc	0.0012051308221	269085	0	1076340
ggaga	ggaga|tctcc	0.0032730553247	730817	0	2923268
ggata	ggata|tatcc	0.0012034423805	268708	1662	1074832
ggcaa	ggcaa|ttgcc	0.0019905741693	444461	0	1777844
ggcac	ggcac|gtgcc	0.0018934238346	422769	0	1691076
ggcca	ggcca|tggcc	0.0021734498660	485294	114813	1941176
ggccc	ggccc|gggcc	0.0017324486144	386826	61576	1547304
ggcga	ggcga|tcgcc	0.0005551972332	123966	0	495864
ggcta	ggcta|tagcc	0.0013675571169	305352	2075	1221408
gggaa	gggaa|ttccc	0.0028068125423	626713	0	2506852
gggac	gggac|gtccc	0.0017505960031	390878	0	1563512
gggca	gggca|tgccc	0.0026268300373	586526	0	2346104
gggga	gggga|tcccc	0.0025508904709	569570	0	2278280
gggta	gggta|taccc	0.0010613893511	236990	1300	947960
ggtaa	ggtaa|ttacc	0.0012793192461	285650	0	1142600
ggtac	ggtac|gtacc	0.0006793715914	151692	22502	606768
ggtca	ggtca|tgacc	0.0017134861159	382592	0	1530368
ggtga	ggtga|tcacc	0.0023553402653	525907	0	2103628
ggtta	ggtta|taacc	0.0010602159513	236728	842	946912
gtaaa	gtaaa|tttac	0.0020052506236	447738	0	1790952
gtaac	gtaac|gttac	0.0009687624278	216308	0	865232
gtaca	gtaca|tgtac	0.0010148833086	226606	53095	906424
gtaga	gtaga|tctac	0.0016077592143	358985	0	1435940
gtata	gtata|tatac	0.0011877089707	265195	30789	1060780
gtcaa	gtcaa|ttgac	0.0012996656397	290193	0	1160772
gtcac	gtcac|gtgac	0.0015290518577	341411	0	1365644
gtcca	gtcca|tggac	0.0014043355858	313564	0	1254256
gtcga	gtcga|tcgac	0.0001639176769	36600	3159	146400
gtcta	gtcta|tagac	0.0009922214658	221546	1107	886184
gtgaa	gtgaa|ttcac	0.0023242765219	518971	0	2075884
gtgca	gtgca|tgcac	0.0020658061129	461259	45968	1845036
gtgga	gtgga|tccac	0.0021106192352	471265	0	1885060
gtgta	gtgta|tacac	0.0013149287939	293601	2864	1174404
gttaa	gttaa|ttaac	0.0013765591533	307362	26436	1229448
gttca	gttca|tgaac	0.0020471615968	457096	0	1828384
gttga	gttga|tcaac	0.0013981953909	312193	0	1248772
gttta	gttta|taaac	0.0017861383715	398814	2728	1595256
taaaa	taaaa|tttta	0.0050568424181	1129106	45823	4516424
taaca	taaca|tgtta	0.0019527029158	436005	4386	1744020
taaga	taaga|tctta	0.0019962396300	445726	4109	1782904
taata	taata|tatta	0.0021954533509	490207	37062	1960828
tacaa	tacaa|ttgta	0.0022768299681	508377	3242	2033508
tacca	tacca|tggta	0.0015015038350	335260	3946	1341040
tacga	tacga|tcgta	0.0002019053746	45082	37	180328
tacta	tacta|tagta	0.0014343692454	320270	6496	1281080
tagaa	tagaa|ttcta	0.0023341474115	521175	7115	2084700
tagca	tagca|tgcta	0.0015726781443	351152	2797	1404608
tagga	tagga|tccta	0.0016744772917	373882	3333	1495528
tataa	tataa|ttata	0.0020342497208	454213	99347	1816852
tatca	tatca|tgata	0.0016440181627	367081	3010	1468324
tatga	tatga|tcata	0.0017218611448	384462	3344	1537848
tcaaa	tcaaa|tttga	0.0033177385668	740794	0	2963176
tcaca	tcaca|tgtga	0.0026692963600	596008	0	2384032
tcaga	tcaga|tctga	0.0025554273181	570583	0	2282332
tccaa	tccaa|ttgga	0.0021444283757	478814	0	1915256
tccca	tccca|tggga	0.0041633701560	929609	0	3718436
tccga	tccga|tcgga	0.0003004709547	67090	0	268360
tcgaa	tcgaa|ttcga	0.0002997364602	66926	8011	267704
tcgca	tcgca|tgcga	0.0003192050433	71273	0	285092
tctaa	tctaa|ttaga	0.0018847845669	420840	0	1683360
tctca	tctca|tgaga	0.0036163956784	807479	0	3229916
tgaaa	tgaaa|tttca	0.0037976142839	847942	0	3391768
tgaca	tgaca|tgtca	0.0022000081126	491224	0	1964896
tgcaa	tgcaa|ttgca	0.0022562999509	503793	60914	2015172
tgcca	tgcca|tggca	0.0026750290001	597288	0	2389152
tggaa	tggaa|ttcca	0.0030158613238	673390	0	2693560
tgtaa	tgtaa|ttaca	0.0026464105860	590898	0	2363592
ttaaa	ttaaa|tttaa	0.0032903159456	734671	201851	2938684
ttcaa	ttcaa|ttgaa	0.0030210430930	674547	0	2698188
; Host name	core-login3
; Job started	2024-07-13.160746
; Job done	2024-07-13.160811
; Seconds	2.41
;	user	2.41
;	system	0.29
;	cuser	24.72
;	csystem	0.41
